q1,q3,iqr,lower_bound,upper_bound,total_rows,outlier_count,outlier_pct
15.3,28.3,13.0,-4.199999999999999,47.8,3066766,378304,12.335600433812036
