q1,q3,iqr,lower_bound,upper_bound,total_rows,outlier_count,outlier_pct
15.65,30.65,14.999999999999998,-6.849999999999996,53.14999999999999,48722602,5405103,11.09362550054285
